OrderID,ProductID,UnitPrice,Quantity,Discount
10248,45,9.5,1,0.15
10248,16,17.45,12,0
10248,74,10.0,19,0.25
10249,37,26.0,12,0.1
10249,66,17.0,16,0.2
10250,49,20.0,20,0.05
10251,19,9.2,28,0
10251,44,19.45,14,0.15
10251,10,31.0,3,0
10251,30,25.89,11,0.1
10252,35,18.0,20,0.15
10252,57,19.5,25,0.1
10252,76,18.0,17,0.2
10253,22,21.0,6,0
10253,17,39.0,24,0
10253,33,2.5,24,0
10253,27,43.9,6,0.15
10254,13,6.0,3,0.2
10255,7,30.0,1,0.15
10255,68,12.5,25,0
10255,14,23.25,9,0
10255,11,21.0,21,0.15
10255,40,18.4,8,0
10256,57,19.5,21,0
10256,17,39.0,17,0
10256,4,22.0,2,0.1
10257,61,28.5,15,0.25
10257,35,18.0,18,0.2
10257,18,62.5,23,0.25
10258,76,18.0,20,0.2
10258,73,15.0,14,0.25
10259,40,18.4,30,0.1
10259,62,49.3,18,0
10259,12,38.0,15,0.05
10259,47,9.5,14,0.05
10259,20,81.0,10,0
10260,67,14.0,27,0
10261,37,26.0,16,0.25
10261,2,19.0,23,0.2
10261,62,49.3,10,0
10262,38,263.5,20,0
10262,1,18.0,18,0.1
10262,25,14.0,14,0.25
10262,56,38.0,13,0
10263,50,16.25,27,0.15
10263,29,123.79,9,0
10264,31,12.5,17,0.05
10264,37,26.0,21,0.25
10264,35,18.0,14,0
10264,9,97.0,6,0
10265,15,15.5,21,0.2
10265,58,13.25,9,0.2
10265,25,14.0,11,0
10266,7,30.0,18,0
10266,24,4.5,4,0.05
10267,17,39.0,23,0.2
10267,2,19.0,8,0
10267,20,81.0,1,0.2
10268,44,19.45,14,0.05
10268,64,33.25,12,0.2
10269,43,46.0,3,0
10270,35,18.0,25,0.15
10271,70,15.0,16,0
10272,33,2.5,27,0.15
10272,2,19.0,4,0
10273,57,19.5,8,0
10273,26,31.23,15,0
10273,67,14.0,22,0
10273,61,28.5,13,0.05
10274,21,10.0,21,0
10274,71,21.5,17,0
10274,33,2.5,16,0.05
10275,47,9.5,29,0
10275,28,45.6,4,0
10276,42,14.0,1,0
10276,36,19.0,19,0
10276,51,53.0,26,0
10276,2,19.0,2,0.2
10277,20,81.0,12,0
10277,32,32.0,6,0.2
10277,12,38.0,22,0.1
10277,8,40.0,2,0.1
10277,69,36.0,26,0
10278,63,43.9,8,0.1
10278,72,34.8,26,0.1
10279,25,14.0,1,0.15
10279,46,12.0,24,0
10279,33,2.5,29,0
10279,63,43.9,23,0.2
10280,38,263.5,18,0.2
10280,25,14.0,19,0
10280,70,15.0,12,0.1
10280,60,34.0,9,0.25
10280,21,10.0,3,0.25
10281,58,13.25,10,0.05
10281,70,15.0,12,0.2
10282,65,21.05,13,0
10283,47,9.5,25,0
10284,9,97.0,22,0.25
10284,50,16.25,7,0.25
10284,64,33.25,25,0.25
10285,37,26.0,11,0.15
10285,42,14.0,4,0
10286,9,97.0,2,0
10286,23,9.0,28,0
10286,26,31.23,4,0.2
10286,25,14.0,4,0
10286,74,10.0,21,0.15
10287,68,12.5,20,0.05
10287,7,30.0,12,0
10287,10,31.0,1,0
10287,63,43.9,30,0
10288,8,40.0,12,0.25
10288,54,7.45,27,0.1
10288,35,18.0,17,0
10288,10,31.0,27,0.05
10289,28,45.6,17,0
10290,30,25.89,18,0.15
10291,25,14.0,17,0
10291,73,15.0,21,0
10292,72,34.8,14,0
10292,74,10.0,12,0.2
10292,55,24.0,29,0
10292,22,21.0,26,0
10292,71,21.5,13,0.25
10293,21,10.0,18,0.2
10293,46,12.0,29,0.1
10293,71,21.5,11,0.1
10294,56,38.0,27,0.1
10294,31,12.5,19,0.25
10294,28,45.6,13,0.25
10294,33,2.5,12,0.2
10295,51,53.0,1,0
10295,37,26.0,20,0
10295,67,14.0,5,0.05
10295,1,18.0,10,0
10296,41,9.65,1,0.05
10296,71,21.5,17,0.25
10297,74,10.0,5,0
10297,5,21.35,15,0.1
10297,20,81.0,5,0.05
10297,47,9.5,29,0
10297,30,25.89,9,0.05
10298,74,10.0,13,0
10299,42,14.0,26,0.2
10300,63,43.9,27,0
10300,77,13.0,21,0.05
10301,74,10.0,13,0
10302,43,46.0,12,0.15
10303,16,17.45,28,0
10303,2,19.0,21,0.15
10303,7,30.0,10,0.25
10303,6,25.0,11,0.25
10304,20,81.0,11,0.25
10304,29,123.79,5,0
10304,51,53.0,15,0.25
10304,12,38.0,8,0.15
10304,38,263.5,26,0.15
10305,17,39.0,11,0
10305,61,28.5,19,0
10306,52,7.0,9,0
10306,65,21.05,14,0
10306,18,62.5,16,0.25
10306,26,31.23,16,0.15
10306,74,10.0,7,0.25
10307,68,12.5,8,0
10307,10,31.0,9,0.15
10307,42,14.0,22,0
10307,15,15.5,22,0.15
10307,55,24.0,12,0.1
10308,42,14.0,12,0
10308,40,18.4,6,0.1
10309,57,19.5,20,0
10309,6,25.0,30,0
10309,26,31.23,22,0.1
10309,20,81.0,25,0
10309,15,15.5,24,0
10310,19,9.2,28,0.05
10310,2,19.0,11,0
10311,58,13.25,16,0
10311,43,46.0,7,0.25
10311,28,45.6,7,0.25
10312,34,14.0,18,0.2
10312,19,9.2,23,0
10312,49,20.0,19,0.25
10312,6,25.0,9,0
10312,8,40.0,10,0
10313,35,18.0,2,0.2
10313,2,19.0,3,0.15
10313,47,9.5,28,0
10313,3,10.0,10,0.15
10313,30,25.89,13,0.25
10314,41,9.65,16,0.25
10315,24,4.5,7,0.25
10316,72,34.8,30,0
10316,6,25.0,8,0.25
10316,40,18.4,11,0.2
10316,51,53.0,24,0
10317,45,9.5,22,0.1
10318,39,18.0,8,0.25
10318,36,19.0,26,0
10318,33,2.5,29,0.15
10319,72,34.8,9,0
10320,44,19.45,29,0.15
10320,18,62.5,3,0.15
10321,30,25.89,14,0
10321,74,10.0,5,0.15
10321,40,18.4,30,0.1
10321,58,13.25,18,0
10321,27,43.9,21,0
10322,70,15.0,22,0
10322,18,62.5,10,0.25
10322,56,38.0,30,0
10322,73,15.0,30,0
10322,41,9.65,3,0.25
10323,16,17.45,6,0.1
10323,19,9.2,24,0
10323,41,9.65,29,0.15
10323,53,32.8,10,0.2
10323,36,19.0,5,0
10324,17,39.0,6,0
10325,35,18.0,20,0
10325,77,13.0,8,0
10325,4,22.0,12,0
10325,62,49.3,5,0.25
10325,61,28.5,23,0.1
10326,50,16.25,16,0.2
10326,18,62.5,6,0
10327,5,21.35,14,0
10327,35,18.0,14,0
10328,27,43.9,3,0
10328,57,19.5,28,0.2
10329,59,55.0,29,0
10329,55,24.0,13,0
10329,49,20.0,24,0.1
10330,74,10.0,20,0.25
10330,68,12.5,21,0
10330,67,14.0,4,0.2
10330,59,55.0,27,0
10331,67,14.0,18,0.15
10331,6,25.0,18,0.15
10332,7,30.0,7,0.05
10332,57,19.5,13,0.05
10332,37,26.0,15,0
10332,55,24.0,10,0
10332,67,14.0,29,0
10333,58,13.25,3,0.25
10333,15,15.5,6,0.25
10333,18,62.5,13,0.15
10333,42,14.0,15,0
10334,59,55.0,19,0
10334,12,38.0,9,0.1
10335,16,17.45,3,0
10335,58,13.25,21,0.1
10336,68,12.5,23,0.15
10337,21,10.0,13,0.25
10337,49,20.0,2,0
10337,43,46.0,19,0
10337,19,9.2,6,0
10337,54,7.45,10,0.05
10338,37,26.0,21,0
10338,16,17.45,29,0
10338,26,31.23,1,0.05
10338,2,19.0,15,0.2
10339,70,15.0,26,0
10339,64,33.25,8,0
10339,76,18.0,22,0.2
10339,59,55.0,14,0.2
10340,77,13.0,20,0
10341,71,21.5,9,0.25
10341,27,43.9,2,0
10342,8,40.0,21,0.1
10342,5,21.35,5,0
10343,39,18.0,11,0
10343,7,30.0,4,0.15
10343,23,9.0,6,0.05
10343,77,13.0,19,0.25
10343,59,55.0,24,0.1
10344,12,38.0,25,0.05
10345,48,12.75,29,0.15
10345,9,97.0,25,0.15
10345,71,21.5,3,0.05
10346,18,62.5,4,0.05
10346,43,46.0,17,0.15
10346,68,12.5,7,0
10346,8,40.0,4,0.25
10347,62,49.3,24,0.05
10348,41,9.65,9,0.25
10348,74,10.0,20,0.1
10348,17,39.0,20,0.2
10348,67,14.0,24,0.2
10349,24,4.5,29,0
10349,38,263.5,7,0
10349,16,17.45,1,0.2
10349,27,43.9,26,0.15
10350,6,25.0,11,0.1
10350,72,34.8,26,0
10350,2,19.0,21,0
10350,37,26.0,9,0
10351,39,18.0,17,0.25
10351,42,14.0,25,0
10351,15,15.5,22,0.1
10352,51,53.0,24,0
10352,23,9.0,7,0.1
10352,44,19.45,30,0.2
10353,5,21.35,21,0
10353,62,49.3,5,0.2
10353,69,36.0,29,0.1
10353,60,34.0,26,0.15
10354,67,14.0,10,0.1
10355,69,36.0,1,0
10355,74,10.0,22,0.1
10355,46,12.0,3,0
10355,36,19.0,27,0
10355,44,19.45,13,0.25
10356,74,10.0,20,0.15
10356,24,4.5,20,0
10357,41,9.65,23,0
10357,35,18.0,14,0
10357,64,33.25,29,0
10358,58,13.25,27,0.05
10358,28,45.6,17,0.05
10358,23,9.0,4,0.1
10359,26,31.23,30,0
10360,65,21.05,1,0.2
10360,20,81.0,7,0.1
10360,62,49.3,24,0.25
10360,40,18.4,25,0.1
10361,13,6.0,27,0.25
10361,17,39.0,7,0
10362,50,16.25,23,0.25
10362,15,15.5,1,0.05
10362,6,25.0,22,0
10362,43,46.0,15,0
10363,67,14.0,25,0.05
10364,74,10.0,25,0.05
10365,42,14.0,7,0
10365,37,26.0,9,0.25
10366,57,19.5,22,0
10366,35,18.0,5,0
10366,36,19.0,4,0
10367,72,34.8,17,0
10367,27,43.9,18,0.1
10367,71,21.5,11,0.05
10367,19,9.2,23,0.05
10367,74,10.0,8,0
10368,40,18.4,20,0.1
10369,57,19.5,2,0
10369,4,22.0,16,0
10369,14,23.25,13,0
10369,12,38.0,14,0.15
10369,23,9.0,23,0.2
10370,46,12.0,10,0.1
10370,26,31.23,23,0.25
10370,11,21.0,30,0.2
10370,73,15.0,5,0
10370,60,34.0,4,0.2
10371,60,34.0,16,0
10371,29,123.79,5,0.05
10371,47,9.5,13,0
10372,42,14.0,15,0.2
10372,4,22.0,3,0.2
10372,15,15.5,12,0.2
10373,22,21.0,10,0.1
10373,74,10.0,5,0.25
10373,14,23.25,13,0
10373,42,14.0,18,0
10374,69,36.0,15,0.15
10374,76,18.0,14,0
10374,32,32.0,18,0
10375,50,16.25,3,0.1
10375,27,43.9,27,0.15
10375,56,38.0,19,0.1
10375,70,15.0,23,0
10376,10,31.0,24,0.2
10376,15,15.5,19,0.2
10377,72,34.8,4,0.2
10377,23,9.0,10,0.15
10377,9,97.0,20,0
10378,49,20.0,11,0.2
10378,8,40.0,3,0
10378,18,62.5,29,0
10378,19,9.2,22,0
10378,58,13.25,18,0.05
10379,74,10.0,15,0
10379,27,43.9,22,0.1
10379,39,18.0,19,0.05
10379,56,38.0,23,0.1
10380,75,7.75,1,0.25
10381,17,39.0,28,0.05
10381,8,40.0,12,0.25
10381,7,30.0,1,0.25
10381,46,12.0,4,0.05
10382,31,12.5,14,0.15
10383,49,20.0,13,0.15
10383,56,38.0,18,0
10383,23,9.0,16,0
10384,72,34.8,13,0.1
10384,54,7.45,5,0.05
10385,18,62.5,1,0
10385,3,10.0,5,0.2
10386,18,62.5,3,0
10386,54,7.45,28,0.2
10386,55,24.0,20,0
10386,59,55.0,17,0.15
10387,58,13.25,13,0.1
10387,29,123.79,6,0.15
10387,1,18.0,19,0.2
10387,31,12.5,23,0.25
10387,35,18.0,14,0.25
10388,47,9.5,2,0
10388,73,15.0,16,0.1
10388,15,15.5,19,0.2
10388,11,21.0,5,0.25
10388,36,19.0,15,0.25
10389,67,14.0,29,0
10390,61,28.5,21,0
10390,70,15.0,26,0.05
10391,7,30.0,29,0.1
10391,69,36.0,25,0
10391,61,28.5,15,0.25
10391,74,10.0,24,0.1
10391,54,7.45,12,0.05
10392,22,21.0,2,0.05
10392,73,15.0,9,0
10392,61,28.5,19,0
10393,7,30.0,22,0.05
10393,4,22.0,10,0.2
10393,11,21.0,5,0.25
10393,10,31.0,28,0.05
10393,33,2.5,5,0.05
10394,33,2.5,1,0
10394,23,9.0,30,0
10394,58,13.25,12,0
10395,31,12.5,16,0
10395,68,12.5,28,0
10395,44,19.45,3,0
10396,20,81.0,27,0.2
10396,53,32.8,25,0.15
10396,31,12.5,22,0.2
10396,22,21.0,7,0.1
10396,7,30.0,21,0.05
10397,7,30.0,6,0.2
10398,61,28.5,10,0.2
10398,69,36.0,8,0.15
10398,50,16.25,16,0.05
10398,19,9.2,17,0.15
10399,37,26.0,30,0.2
10400,41,9.65,17,0
10400,13,6.0,30,0.25
10400,46,12.0,28,0.15
10400,35,18.0,11,0.05
10401,13,6.0,9,0.15
10401,60,34.0,25,0
10401,76,18.0,25,0
10402,44,19.45,22,0
10402,41,9.65,18,0
10402,2,19.0,27,0
10402,53,32.8,4,0.25
10402,14,23.25,22,0.2
10403,29,123.79,24,0.05
10403,33,2.5,7,0
10403,4,22.0,20,0
10404,77,13.0,22,0
10405,16,17.45,23,0
10405,12,38.0,28,0
10405,49,20.0,22,0
10405,15,15.5,23,0
10405,33,2.5,10,0.2
10406,59,55.0,30,0.05
10407,42,14.0,9,0
10407,10,31.0,9,0
10407,49,20.0,13,0.1
10407,8,40.0,9,0.05
10408,57,19.5,3,0.2
10408,26,31.23,20,0.15
10409,63,43.9,4,0
10409,70,15.0,25,0.15
10410,14,23.25,30,0.2
10410,34,14.0,4,0
10411,10,31.0,19,0.05
10412,3,10.0,29,0.2
10412,20,81.0,21,0
10412,5,21.35,22,0.15
10412,35,18.0,5,0.1
10413,74,10.0,1,0.25
10413,63,43.9,16,0.15
10413,52,7.0,28,0
10413,70,15.0,8,0
10414,62,49.3,4,0.25
10414,46,12.0,11,0.05
10414,52,7.0,2,0
10414,47,9.5,18,0.1
10415,59,55.0,25,0.05
10416,23,9.0,18,0
10416,50,16.25,22,0
10417,50,16.25,29,0
10417,46,12.0,16,0
10417,57,19.5,24,0
10418,5,21.35,7,0
10418,76,18.0,8,0.2
10419,9,97.0,26,0.25
10419,40,18.4,16,0.25
10419,58,13.25,1,0
10419,44,19.45,2,0.1
10420,52,7.0,4,0
10421,59,55.0,22,0.25
10421,20,81.0,24,0
10421,10,31.0,2,0
10421,63,43.9,21,0
10421,61,28.5,30,0
10422,17,39.0,1,0
10422,7,30.0,29,0.05
10423,59,55.0,20,0
10424,9,97.0,27,0
10424,15,15.5,16,0
10424,26,31.23,14,0.1
10424,52,7.0,11,0
10424,74,10.0,18,0
10425,28,45.6,25,0
10425,76,18.0,6,0.1
10425,9,97.0,4,0.05
10426,54,7.45,6,0.1
10426,71,21.5,6,0.2
10427,75,7.75,2,0
10427,13,6.0,26,0.15
10428,3,10.0,29,0.2
10428,11,21.0,1,0
10429,12,38.0,23,0.05
10429,54,7.45,23,0.2
10430,27,43.9,5,0.05
10430,67,14.0,15,0.15
10431,23,9.0,20,0
10431,77,13.0,6,0.2
10432,12,38.0,21,0.05
10432,45,9.5,14,0
10432,72,34.8,8,0
10432,16,17.45,17,0
10432,47,9.5,28,0.25
10433,29,123.79,15,0
10433,36,19.0,2,0
10433,15,15.5,26,0
10433,61,28.5,16,0
10433,21,10.0,22,0
10434,47,9.5,10,0
10435,33,2.5,11,0.2
10435,6,25.0,4,0
10435,69,36.0,6,0
10435,4,22.0,16,0.25
10436,10,31.0,29,0
10437,76,18.0,19,0.1
10437,54,7.45,7,0.1
10437,30,25.89,25,0
10437,42,14.0,8,0
10438,53,32.8,28,0
10438,49,20.0,29,0
10439,61,28.5,19,0.2
10440,56,38.0,5,0
10441,59,55.0,6,0.15
10441,48,12.75,5,0.2
10441,25,14.0,21,0.1
10441,35,18.0,7,0.1
10441,17,39.0,2,0
10442,18,62.5,4,0.2
10442,59,55.0,14,0
10442,44,19.45,8,0.05
10443,21,10.0,26,0
10443,74,10.0,18,0
10443,12,38.0,14,0.25
10443,63,43.9,28,0
10443,76,18.0,16,0.2
10444,2,19.0,24,0.15
10444,32,32.0,8,0.1
10444,56,38.0,19,0
10445,20,81.0,30,0
10445,54,7.45,2,0
10445,61,28.5,24,0.25
10445,5,21.35,14,0.25
10445,51,53.0,16,0
10446,64,33.25,8,0
10446,72,34.8,25,0
10446,53,32.8,7,0
10446,46,12.0,10,0
10447,3,10.0,16,0.05
10448,59,55.0,28,0
10448,60,34.0,25,0
10449,24,4.5,26,0.1
10449,60,34.0,23,0
10449,10,31.0,13,0.1
10449,68,12.5,2,0.05
10450,35,18.0,23,0.25
10450,74,10.0,26,0
10450,11,21.0,20,0.1
10450,8,40.0,17,0.1
10451,15,15.5,13,0.1
10452,6,25.0,12,0.1
10452,23,9.0,21,0.25
10452,9,97.0,18,0
10452,18,62.5,11,0
10453,15,15.5,21,0.2
10453,75,7.75,28,0
10453,29,123.79,11,0.1
10453,35,18.0,17,0.15
10453,36,19.0,2,0
10454,45,9.5,15,0.2
10454,65,21.05,17,0
10454,61,28.5,23,0.25
10455,38,263.5,15,0.1
10455,9,97.0,7,0.2
10455,12,38.0,3,0.15
10455,23,9.0,10,0
10455,14,23.25,6,0.05
10456,19,9.2,16,0
10457,67,14.0,21,0
10457,38,263.5,14,0.25
10458,61,28.5,12,0.15
10458,57,19.5,24,0
10459,25,14.0,3,0
10459,30,25.89,27,0.25
10459,43,46.0,14,0.1
10460,63,43.9,19,0.25
10460,71,21.5,15,0.2
10460,39,18.0,19,0
10461,22,21.0,26,0.05
10461,30,25.89,16,0.1
10461,37,26.0,25,0
10462,46,12.0,10,0.2
10462,22,21.0,20,0
10463,37,26.0,6,0
10463,20,81.0,6,0
10463,15,15.5,2,0.1
10463,74,10.0,5,0.2
10463,34,14.0,12,0
10464,72,34.8,23,0
10464,41,9.65,12,0
10465,58,13.25,18,0
10465,69,36.0,10,0
10465,4,22.0,13,0.2
10466,59,55.0,30,0.1
10466,20,81.0,1,0.25
10467,43,46.0,21,0.05
10467,61,28.5,29,0.05
10467,74,10.0,22,0
10467,73,15.0,24,0.2
10467,44,19.45,23,0
10468,6,25.0,5,0.25
10468,15,15.5,10,0
10468,52,7.0,20,0
10468,58,13.25,12,0
10469,8,40.0,20,0
10469,75,7.75,17,0
10469,36,19.0,7,0
10470,69,36.0,28,0.2
10471,66,17.0,13,0
10472,41,9.65,20,0.25
10472,8,40.0,30,0.1
10472,51,53.0,5,0.15
10472,48,12.75,13,0.1
10473,37,26.0,12,0.1
10474,58,13.25,28,0.25
10474,12,38.0,7,0.2
10474,54,7.45,26,0.2
10475,21,10.0,26,0.15
10475,54,7.45,5,0
10475,19,9.2,7,0.05
10476,68,12.5,11,0
10476,76,18.0,25,0.15
10476,12,38.0,1,0.15
10476,35,18.0,14,0
10477,60,34.0,23,0
10477,26,31.23,6,0.15
10477,38,263.5,18,0.2
10477,6,25.0,27,0.05
10477,75,7.75,10,0.2
10478,60,34.0,8,0
10478,1,18.0,5,0.05
10478,39,18.0,21,0.2
10478,16,17.45,21,0.05
10478,54,7.45,6,0.2
10479,4,22.0,4,0.05
10479,64,33.25,3,0.1
10480,62,49.3,19,0.15
10480,34,14.0,21,0.2
10480,16,17.45,12,0.25
10480,74,10.0,1,0.05
10480,21,10.0,19,0
10481,41,9.65,15,0
10481,46,12.0,6,0
10482,47,9.5,14,0.1
10482,7,30.0,10,0.05
10482,68,12.5,21,0
10483,25,14.0,25,0
10483,13,6.0,20,0
10483,70,15.0,11,0.1
10483,39,18.0,9,0.1
10483,69,36.0,19,0.1
10484,2,19.0,5,0.25
10484,37,26.0,12,0.2
10485,44,19.45,30,0
10485,14,23.25,7,0
10485,65,21.05,8,0
10485,72,34.8,20,0.25
10486,71,21.5,23,0
10486,54,7.45,15,0
10486,15,15.5,27,0
10486,3,10.0,16,0.1
10486,40,18.4,23,0.1
10487,57,19.5,29,0.25
10487,44,19.45,6,0.05
10488,16,17.45,8,0
10489,30,25.89,10,0
10489,27,43.9,5,0
10490,15,15.5,3,0
10490,62,49.3,25,0.15
10490,6,25.0,7,0
10490,5,21.35,26,0.25
10491,8,40.0,16,0
10491,33,2.5,2,0
10491,39,18.0,22,0
10491,13,6.0,26,0
10491,27,43.9,19,0
10492,45,9.5,1,0
10492,19,9.2,28,0.05
10493,45,9.5,12,0
10493,65,21.05,25,0
10493,73,15.0,3,0
10493,75,7.75,25,0
10493,68,12.5,7,0
10494,22,21.0,29,0.25
10494,1,18.0,24,0
10494,28,45.6,30,0.25
10495,47,9.5,23,0
10495,57,19.5,22,0
10495,24,4.5,27,0.1
10495,49,20.0,14,0
10496,30,25.89,14,0
10496,41,9.65,4,0.2
10496,15,15.5,17,0
10496,64,33.25,25,0.1
10496,37,26.0,18,0
10497,42,14.0,16,0
10498,37,26.0,15,0.05
10498,57,19.5,8,0.25
10498,53,32.8,10,0.15
10498,25,14.0,28,0
10499,48,12.75,6,0
10499,63,43.9,22,0
10499,51,53.0,15,0.25
10499,11,21.0,4,0
10500,52,7.0,23,0
10500,22,21.0,3,0.1
10500,26,31.23,11,0
10500,77,13.0,28,0.15
10501,30,25.89,27,0.15
10502,36,19.0,25,0.05
10502,52,7.0,12,0.2
10502,63,43.9,17,0.05
10502,19,9.2,25,0.2
10503,16,17.45,9,0.2
10504,30,25.89,21,0
10504,4,22.0,4,0
10504,9,97.0,16,0
10504,23,9.0,13,0.1
10505,39,18.0,20,0
10505,10,31.0,22,0.25
10506,60,34.0,7,0.05
10506,64,33.25,16,0.25
10506,34,14.0,18,0.1
10506,70,15.0,18,0
10507,56,38.0,29,0
10508,58,13.25,11,0.15
10508,57,19.5,15,0
10508,5,21.35,6,0.25
10508,39,18.0,29,0
10509,56,38.0,5,0.05
10509,50,16.25,16,0
10509,73,15.0,22,0.2
10509,71,21.5,22,0.25
10510,61,28.5,16,0.25
10510,21,10.0,17,0
10510,51,53.0,9,0.2
10510,76,18.0,13,0.1
10510,37,26.0,11,0
10511,76,18.0,2,0
10512,45,9.5,26,0
10512,44,19.45,13,0
10512,55,24.0,12,0.1
10513,45,9.5,2,0
10513,32,32.0,8,0.05
10513,76,18.0,3,0
10513,40,18.4,4,0.1
10514,3,10.0,18,0.1
10514,5,21.35,15,0.15
10515,66,17.0,29,0.15
10515,35,18.0,1,0.2
10515,76,18.0,1,0.1
10515,49,20.0,19,0.15
10515,42,14.0,19,0
10516,13,6.0,23,0
10516,44,19.45,16,0.25
10516,22,21.0,20,0.05
10516,47,9.5,14,0
10517,10,31.0,27,0.25
10517,28,45.6,10,0.05
10517,7,30.0,10,0.15
10517,29,123.79,20,0
10518,13,6.0,19,0.1
10518,35,18.0,3,0.25
10518,61,28.5,14,0
10518,45,9.5,26,0
10518,39,18.0,17,0.05
10519,70,15.0,11,0
10519,54,7.45,13,0.05
10519,66,17.0,15,0.25
10519,24,4.5,29,0
10520,24,4.5,19,0.2
10520,28,45.6,22,0.2
10520,35,18.0,30,0.25
10520,56,38.0,30,0
10520,67,14.0,7,0.1
10521,19,9.2,8,0
10521,39,18.0,28,0.15
10521,53,32.8,11,0
10521,27,43.9,28,0.15
10522,37,26.0,21,0
10522,33,2.5,22,0
10522,52,7.0,8,0
10523,25,14.0,1,0
10523,40,18.4,15,0.2
10524,56,38.0,14,0
10524,26,31.23,6,0.05
10524,18,62.5,1,0.05
10524,36,19.0,22,0.25
10524,23,9.0,21,0
10525,3,10.0,2,0
10525,41,9.65,20,0.05
10525,9,97.0,29,0.15
10525,47,9.5,22,0
10526,18,62.5,8,0
10526,74,10.0,24,0.25
10526,16,17.45,17,0.25
10526,33,2.5,16,0
10527,77,13.0,4,0.1
10527,43,46.0,27,0.15
10528,55,24.0,7,0
10528,14,23.25,6,0
10529,57,19.5,14,0.05
10529,76,18.0,2,0.2
10529,69,36.0,12,0
10530,70,15.0,14,0.2
10530,32,32.0,9,0
10530,47,9.5,16,0.1
10531,3,10.0,21,0
10531,7,30.0,23,0
10531,33,2.5,18,0.15
10532,47,9.5,29,0
10532,69,36.0,28,0
10532,57,19.5,13,0
10533,33,2.5,10,0
10533,31,12.5,10,0
10533,21,10.0,30,0.2
10533,41,9.65,29,0.15
10534,36,19.0,28,0
10535,61,28.5,24,0.15
10535,43,46.0,23,0.15
10535,13,6.0,27,0
10535,34,14.0,17,0
10536,54,7.45,20,0.25
10536,42,14.0,15,0
10536,7,30.0,21,0
10537,18,62.5,1,0.15
10537,26,31.23,21,0.05
10537,41,9.65,19,0
10537,15,15.5,6,0
10538,17,39.0,28,0.15
10538,41,9.65,15,0.2
10538,18,62.5,9,0
10538,76,18.0,27,0.1
10538,37,26.0,7,0
10539,48,12.75,6,0.15
10539,49,20.0,27,0
10539,3,10.0,1,0.25
10539,30,25.89,30,0
10540,26,31.23,9,0
10540,7,30.0,13,0.15
10540,77,13.0,9,0
10540,12,38.0,12,0
10541,16,17.45,1,0.25
10541,56,38.0,25,0.2
10541,64,33.25,4,0
10541,27,43.9,7,0.05
10541,37,26.0,24,0.2
10542,17,39.0,14,0
10542,77,13.0,7,0.05
10542,25,14.0,14,0
10542,53,32.8,26,0
10543,38,263.5,9,0
10544,58,13.25,30,0
10544,48,12.75,19,0.2
10544,11,21.0,1,0.2
10544,18,62.5,28,0.1
10544,51,53.0,22,0
10545,55,24.0,24,0.05
10545,10,31.0,4,0.25
10545,8,40.0,2,0.1
10545,31,12.5,16,0.1
10546,77,13.0,23,0
10546,1,18.0,9,0.25
10546,49,20.0,10,0.15
10546,48,12.75,5,0.25
10546,6,25.0,19,0
10547,22,21.0,17,0.2
10547,44,19.45,29,0.2
10547,17,39.0,3,0.1
10548,56,38.0,5,0.05
10548,15,15.5,11,0
10548,17,39.0,16,0.05
10548,47,9.5,30,0.15
10548,37,26.0,29,0.05
10549,34,14.0,17,0.1
10549,56,38.0,29,0
10549,41,9.65,24,0.2
10549,20,81.0,18,0.2
10549,7,30.0,7,0
10550,30,25.89,6,0
10551,34,14.0,6,0.2
10551,56,38.0,4,0.2
10551,6,25.0,15,0.1
10551,72,34.8,16,0.2
10552,15,15.5,28,0
10552,16,17.45,12,0
10552,27,43.9,28,0.05
10552,24,4.5,27,0
10553,35,18.0,19,0
10553,75,7.75,1,0.25
10553,74,10.0,6,0.15
10553,10,31.0,8,0.2
10553,13,6.0,29,0.1
10554,37,26.0,22,0
10555,48,12.75,19,0
10555,42,14.0,5,0
10555,11,21.0,15,0.2
10555,59,55.0,21,0.05
10556,1,18.0,11,0
10556,58,13.25,11,0
10556,28,45.6,28,0
10556,37,26.0,11,0
10556,10,31.0,18,0.15
10557,52,7.0,9,0
10558,52,7.0,3,0
10558,27,43.9,6,0.15
10559,37,26.0,21,0
10559,16,17.45,10,0.2
10559,56,38.0,24,0.05
10559,17,39.0,12,0
10560,66,17.0,7,0.2
10560,58,13.25,29,0.15
10560,61,28.5,9,0.15
10561,55,24.0,26,0.1
10562,24,4.5,14,0.15
10562,12,38.0,2,0.25
10562,44,19.45,15,0
10562,20,81.0,30,0.2
10562,68,12.5,21,0.25
10563,38,263.5,15,0.15
10564,62,49.3,10,0
10565,39,18.0,27,0
10565,67,14.0,14,0.05
10566,7,30.0,18,0
10566,6,25.0,17,0
10566,66,17.0,14,0.15
10566,13,6.0,15,0.05
10566,46,12.0,9,0
10567,3,10.0,4,0.2
10567,23,9.0,26,0
10567,51,53.0,2,0
10567,54,7.45,29,0.05
10567,41,9.65,19,0.2
10568,34,14.0,11,0
10568,28,45.6,6,0
10568,14,23.25,14,0.25
10568,3,10.0,1,0.15
10569,2,19.0,6,0.2
10570,52,7.0,28,0.2
10570,39,18.0,20,0.1
10570,51,53.0,26,0.05
10570,12,38.0,5,0
10571,25,14.0,4,0
10572,4,22.0,7,0.2
10572,19,9.2,21,0
10573,69,36.0,7,0
10573,39,18.0,25,0.2
10573,19,9.2,16,0.15
10573,3,10.0,4,0
10574,57,19.5,16,0.2
10574,3,10.0,28,0.2
10575,32,32.0,7,0.05
10575,73,15.0,27,0.15
10575,7,30.0,11,0
10575,14,23.25,21,0.15
10575,54,7.45,28,0.2
10576,77,13.0,24,0.25
10576,38,263.5,2,0.2
10576,52,7.0,16,0.25
10576,76,18.0,24,0.2
10576,30,25.89,23,0
10577,3,10.0,14,0.1
10577,71,21.5,3,0.05
10577,54,7.45,29,0.2
10577,15,15.5,16,0.1
10577,58,13.25,23,0.15
10578,21,10.0,10,0
10579,45,9.5,15,0
10579,65,21.05,8,0.1
10579,60,34.0,5,0.05
10579,50,16.25,14,0.1
10580,21,10.0,20,0
10580,37,26.0,23,0
10580,62,49.3,5,0
10580,26,31.23,6,0.2
10581,54,7.45,16,0.05
10582,27,43.9,18,0
10582,3,10.0,12,0.05
10583,21,10.0,6,0.25
10583,5,21.35,26,0
10583,44,19.45,14,0
10584,30,25.89,4,0.25
10584,29,123.79,16,0.05
10584,44,19.45,26,0.1
10584,6,25.0,25,0.25
10584,35,18.0,29,0
10585,14,23.25,23,0
10585,57,19.5,26,0.2
10585,15,15.5,4,0
10585,72,34.8,2,0.25
10585,22,21.0,21,0
10586,47,9.5,6,0.05
10586,57,19.5,25,0.25
10587,13,6.0,5,0.1
10587,43,46.0,27,0
10587,16,17.45,28,0
10587,57,19.5,14,0
10588,61,28.5,11,0.05
10588,65,21.05,6,0
10589,48,12.75,23,0.15
10589,47,9.5,21,0
10589,20,81.0,25,0.25
10590,30,25.89,5,0.15
10590,53,32.8,30,0.15
10590,59,55.0,28,0.25
10590,47,9.5,1,0.2
10591,2,19.0,23,0.25
10591,9,97.0,3,0.1
10592,52,7.0,25,0
10592,56,38.0,2,0.15
10592,5,21.35,22,0
10593,8,40.0,21,0.25
10593,38,263.5,14,0.15
10593,71,21.5,28,0.05
10593,41,9.65,30,0.1
10593,2,19.0,27,0.05
10594,19,9.2,23,0.15
10594,58,13.25,21,0
10594,70,15.0,20,0.2
10594,45,9.5,29,0.15
10594,26,31.23,29,0.05
10595,5,21.35,18,0.1
10596,17,39.0,17,0.25
10596,37,26.0,7,0
10596,66,17.0,18,0.05
10596,67,14.0,11,0
10597,4,22.0,29,0.25
10598,34,14.0,8,0.05
10598,55,24.0,17,0
10598,8,40.0,27,0.1
10598,65,21.05,12,0
10598,7,30.0,25,0
10599,39,18.0,19,0
10599,59,55.0,11,0
10599,75,7.75,19,0.25
10599,77,13.0,8,0.1
10600,37,26.0,22,0
10600,49,20.0,17,0
10600,14,23.25,11,0.25
10601,25,14.0,27,0.1
10601,59,55.0,4,0
10601,55,24.0,27,0.15
10601,11,21.0,3,0
10601,17,39.0,16,0
10602,10,31.0,12,0.25
10602,52,7.0,19,0.25
10602,67,14.0,25,0.15
10602,34,14.0,19,0.2
10603,57,19.5,23,0.2
10603,54,7.45,27,0
10603,19,9.2,17,0
10603,63,43.9,23,0.2
10604,66,17.0,28,0.25
10604,16,17.45,23,0
10605,61,28.5,2,0
10605,72,34.8,12,0
10605,53,32.8,4,0
10605,48,12.75,19,0.05
10606,67,14.0,5,0
10607,40,18.4,12,0.05
10607,38,263.5,16,0
10607,19,9.2,5,0.15
10608,40,18.4,29,0.05
10609,24,4.5,27,0.2
10609,1,18.0,4,0.25
10610,9,97.0,28,0
10610,54,7.45,16,0.05
10610,73,15.0,15,0.1
10611,61,28.5,27,0
10611,18,62.5,17,0.2
10611,58,13.25,22,0.2
10611,20,81.0,28,0.1
10612,53,32.8,13,0
10613,44,19.45,18,0
10613,57,19.5,24,0.05
10613,12,38.0,28,0
10613,4,22.0,19,0.05
10614,16,17.45,21,0.25
10614,11,21.0,7,0.25
10614,74,10.0,25,0
10614,73,15.0,17,0
10614,61,28.5,17,0
10615,69,36.0,6,0
10616,27,43.9,8,0.2
10616,11,21.0,26,0.25
10616,42,14.0,13,0
10617,3,10.0,11,0.15
10617,24,4.5,14,0
10617,68,12.5,11,0.15
10617,33,2.5,3,0
10618,70,15.0,6,0.05
10619,24,4.5,9,0
10619,20,81.0,10,0.15
10620,8,40.0,20,0.1
10620,24,4.5,1,0
10621,50,16.25,4,0.1
10621,19,9.2,14,0.1
10621,34,14.0,13,0
10622,26,31.23,8,0
10623,66,17.0,25,0.25
10623,50,16.25,4,0.05
10623,8,40.0,11,0.2
10623,71,21.5,14,0
10624,4,22.0,14,0
10624,3,10.0,9,0.25
10624,76,18.0,22,0
10624,32,32.0,25,0.25
10625,39,18.0,19,0.15
10625,58,13.25,3,0.25
10626,19,9.2,12,0.25
10626,22,21.0,26,0
10627,55,24.0,30,0.25
10627,58,13.25,2,0
10627,60,34.0,27,0.05
10627,22,21.0,1,0
10627,62,49.3,9,0.05
10628,45,9.5,27,0
10628,75,7.75,27,0.25
10628,37,26.0,2,0
10628,69,36.0,19,0
10629,12,38.0,13,0
10629,18,62.5,24,0.25
10629,36,19.0,29,0.15
10630,65,21.05,26,0.1
10630,44,19.45,21,0.05
10631,35,18.0,8,0.1
10631,44,19.45,7,0.2
10631,77,13.0,11,0
10631,18,62.5,21,0
10632,61,28.5,1,0
10632,23,9.0,14,0.25
10632,63,43.9,25,0.15
10632,69,36.0,3,0
10632,4,22.0,29,0.2
10633,46,12.0,27,0.15
10634,46,12.0,13,0
10634,2,19.0,4,0.2
10634,48,12.75,30,0
10634,57,19.5,1,0
10634,3,10.0,25,0.05
10635,25,14.0,3,0.05
10635,29,123.79,8,0.2
10635,47,9.5,2,0.05
10636,27,43.9,1,0
10636,51,53.0,4,0.05
10636,73,15.0,17,0.2
10636,22,21.0,18,0
10637,73,15.0,6,0
10637,76,18.0,5,0
10637,17,39.0,9,0
10637,67,14.0,24,0.05
10637,25,14.0,28,0
10638,33,2.5,22,0.25
10638,59,55.0,1,0.15
10638,7,30.0,28,0.1
10638,56,38.0,28,0.15
10638,36,19.0,4,0.25
10639,64,33.25,12,0.25
10639,6,25.0,29,0
10639,7,30.0,9,0.15
10639,69,36.0,15,0.1
10640,51,53.0,7,0.1
10641,74,10.0,26,0
10642,55,24.0,3,0
10642,26,31.23,6,0.1
10643,9,97.0,21,0
10643,4,22.0,16,0.15
10643,76,18.0,26,0.1
10644,32,32.0,4,0.2
10644,31,12.5,11,0
10644,43,46.0,17,0
10645,77,13.0,20,0.2
10646,58,13.25,19,0
10647,8,40.0,30,0
10648,41,9.65,29,0
10648,17,39.0,2,0.2
10648,8,40.0,10,0.15
10648,9,97.0,4,0
10649,7,30.0,10,0.15
10649,52,7.0,4,0.15
10649,30,25.89,28,0
10649,59,55.0,13,0.2
10649,55,24.0,29,0
10650,4,22.0,15,0.25
10650,43,46.0,19,0
10650,14,23.25,4,0
10651,9,97.0,19,0
10651,74,10.0,5,0.25
10651,33,2.5,12,0.15
10651,62,49.3,24,0.2
10651,24,4.5,8,0
10652,8,40.0,5,0.05
10653,56,38.0,17,0.1
10653,40,18.4,19,0.25
10653,19,9.2,5,0.2
10653,44,19.45,10,0.1
10653,2,19.0,17,0
10654,31,12.5,17,0.25
10655,55,24.0,12,0
10656,26,31.23,26,0
10656,44,19.45,7,0.2
10657,77,13.0,23,0.1
10657,75,7.75,19,0.1
10657,39,18.0,14,0.1
10657,21,10.0,4,0.2
10658,64,33.25,8,0
10659,30,25.89,15,0
10659,31,12.5,16,0.1
10660,27,43.9,13,0
10660,1,18.0,12,0
10660,10,31.0,12,0
10660,72,34.8,4,0
10661,57,19.5,7,0.1
10661,6,25.0,1,0
10661,26,31.23,10,0
10662,34,14.0,24,0
10662,44,19.45,28,0.25
10663,23,9.0,7,0
10663,34,14.0,30,0
10664,18,62.5,13,0
10665,27,43.9,10,0.2
10665,31,12.5,12,0.1
10665,22,21.0,17,0.15
10666,16,17.45,5,0
10667,25,14.0,18,0.15
10667,48,12.75,11,0.15
10668,6,25.0,25,0
10668,69,36.0,10,0
10669,32,32.0,2,0.05
10669,17,39.0,28,0.25
10669,75,7.75,29,0.2
10670,11,21.0,26,0.2
10670,9,97.0,6,0.25
10671,66,17.0,12,0.2
10671,67,14.0,15,0
10671,42,14.0,23,0.1
10671,68,12.5,23,0.2
10672,61,28.5,9,0.15
10672,75,7.75,21,0
10672,27,43.9,8,0
10672,58,13.25,28,0
10673,28,45.6,10,0.15
10673,49,20.0,19,0
10673,48,12.75,9,0.25
10673,11,21.0,5,0
10674,57,19.5,17,0.1
10674,30,25.89,19,0
10674,60,34.0,17,0.1
10675,58,13.25,15,0.15
10675,53,32.8,12,0.2
10675,41,9.65,9,0.15
10675,4,22.0,6,0.2
10676,34,14.0,21,0
10676,46,12.0,29,0
10677,65,21.05,17,0.25
10677,11,21.0,26,0.05
10677,30,25.89,4,0
10678,47,9.5,2,0.25
10679,43,46.0,7,0.1
10679,33,2.5,10,0.05
10680,18,62.5,28,0.25
10680,34,14.0,1,0.05
10681,45,9.5,26,0.15
10681,52,7.0,27,0
10681,61,28.5,21,0.25
10682,51,53.0,8,0
10682,27,43.9,16,0
10683,76,18.0,26,0.25
10683,60,34.0,24,0.2
10683,44,19.45,26,0
10683,41,9.65,28,0
10683,55,24.0,25,0.15
10684,57,19.5,15,0.25
10684,4,22.0,12,0
10685,17,39.0,10,0
10685,64,33.25,26,0.1
10685,44,19.45,8,0.15
10685,55,24.0,22,0.15
10685,69,36.0,10,0.1
10686,3,10.0,19,0
10686,18,62.5,5,0.1
10686,73,15.0,21,0.15
10686,49,20.0,7,0.15
10686,9,97.0,18,0.15
10687,61,28.5,4,0.1
10687,73,15.0,15,0.05
10688,22,21.0,4,0.25
10689,5,21.35,27,0.2
10689,4,22.0,6,0
10690,50,16.25,10,0
10691,38,263.5,22,0.25
10691,9,97.0,15,0
10692,67,14.0,1,0
10692,42,14.0,28,0.15
10692,51,53.0,6,0
10693,69,36.0,14,0.2
10693,9,97.0,13,0
10694,27,43.9,10,0.15
10694,61,28.5,6,0.05
10695,26,31.23,17,0.2
10695,36,19.0,7,0
10695,19,9.2,15,0
10695,52,7.0,20,0
10695,68,12.5,11,0.2
10696,60,34.0,19,0
10696,12,38.0,10,0.2
10696,45,9.5,23,0.05
10696,51,53.0,20,0
10697,32,32.0,6,0.15
10697,59,55.0,13,0
10697,73,15.0,4,0.15
10697,6,25.0,8,0
10698,69,36.0,10,0
10698,28,45.6,30,0.2
10698,53,32.8,25,0.25
10699,48,12.75,3,0
10700,42,14.0,14,0.2
10700,22,21.0,9,0
10700,65,21.05,2,0.2
10700,4,22.0,3,0.2
10700,49,20.0,11,0.15
10701,51,53.0,2,0
10701,33,2.5,4,0
10702,60,34.0,16,0.2
10702,9,97.0,3,0.25
10702,32,32.0,23,0.2
10703,61,28.5,27,0.05
10703,21,10.0,6,0
10704,13,6.0,6,0.05
10704,16,17.45,18,0.15
10704,22,21.0,3,0
10704,35,18.0,5,0.2
10704,46,12.0,6,0
10705,69,36.0,7,0.2
10706,67,14.0,21,0
10707,40,18.4,15,0
10707,77,13.0,1,0
10707,49,20.0,25,0
10707,32,32.0,12,0
10708,12,38.0,1,0.15
10708,4,22.0,1,0.1
10709,9,97.0,8,0
10709,22,21.0,24,0
10710,54,7.45,17,0
10711,42,14.0,18,0
10711,27,43.9,30,0.25
10711,51,53.0,14,0
10712,28,45.6,4,0.1
10712,42,14.0,6,0
10713,41,9.65,1,0.15
10713,28,45.6,15,0
10713,9,97.0,22,0.05
10713,48,12.75,2,0
10714,53,32.8,10,0.2
10714,14,23.25,23,0.25
10715,22,21.0,9,0
10715,77,13.0,11,0.15
10715,18,62.5,11,0
10715,41,9.65,28,0.2
10715,9,97.0,11,0
10716,75,7.75,15,0.15
10716,66,17.0,21,0
10716,65,21.05,19,0
10716,30,25.89,1,0
10716,40,18.4,8,0.15
10717,11,21.0,2,0
10717,48,12.75,16,0.05
10718,20,81.0,13,0
10718,5,21.35,8,0.2
10719,18,62.5,9,0.1
10719,6,25.0,17,0.15
10719,37,26.0,25,0
10720,43,46.0,11,0
10720,27,43.9,18,0
10721,29,123.79,20,0.15
10721,67,14.0,11,0
10722,1,18.0,3,0.2
10722,9,97.0,7,0
10722,19,9.2,7,0
10722,12,38.0,6,0.25
10723,31,12.5,17,0
10723,55,24.0,24,0.2
10724,22,21.0,24,0
10724,32,32.0,14,0
10724,39,18.0,10,0.2
10725,35,18.0,28,0.2
10725,11,21.0,12,0.15
10726,22,21.0,16,0.2
10726,55,24.0,17,0.15
10726,20,81.0,27,0.2
10726,3,10.0,25,0.15
10727,11,21.0,25,0.05
10727,77,13.0,18,0
10727,71,21.5,24,0
10727,33,2.5,13,0.2
10728,59,55.0,10,0.15
10728,72,34.8,20,0.2
10728,10,31.0,11,0
10729,26,31.23,5,0
10729,1,18.0,1,0.25
10729,48,12.75,16,0.15
10729,54,7.45,13,0.1
10730,63,43.9,10,0
10730,53,32.8,29,0
10730,16,17.45,13,0
10730,25,14.0,25,0.15
10731,45,9.5,17,0.2
10731,48,12.75,23,0
10731,50,16.25,30,0.15
10732,32,32.0,16,0
10732,47,9.5,21,0
10733,34,14.0,20,0.2
10733,19,9.2,9,0
10734,75,7.75,22,0
10734,2,19.0,4,0
10734,50,16.25,13,0
10734,67,14.0,30,0
10734,55,24.0,6,0.15
10735,39,18.0,17,0.25
10735,49,20.0,19,0.05
10735,53,32.8,25,0
10736,74,10.0,25,0.1
10737,35,18.0,24,0
10737,51,53.0,23,0.05
10738,22,21.0,27,0.2
10739,13,6.0,3,0.15
10740,54,7.45,21,0.05
10740,56,38.0,6,0
10740,48,12.75,6,0
10740,26,31.23,16,0
10740,65,21.05,4,0.2
10741,28,45.6,6,0
10741,8,40.0,24,0
10741,25,14.0,9,0.15
10741,57,19.5,21,0
10741,22,21.0,3,0.05
10742,49,20.0,4,0.05
10743,44,19.45,1,0
10744,63,43.9,22,0
10744,2,19.0,2,0.05
10744,1,18.0,22,0
10744,13,6.0,7,0.25
10745,49,20.0,20,0.25
10746,63,43.9,16,0.1
10746,55,24.0,11,0.1
10746,44,19.45,11,0
10747,52,7.0,13,0
10747,46,12.0,28,0.1
10747,13,6.0,1,0.2
10748,18,62.5,1,0
10748,68,12.5,9,0
10748,48,12.75,15,0.2
10748,66,17.0,14,0
10749,42,14.0,1,0.1
10750,42,14.0,22,0.2
10751,63,43.9,13,0
10751,45,9.5,14,0.2
10752,50,16.25,10,0
10753,67,14.0,29,0.25
10753,5,21.35,5,0.2
10754,39,18.0,27,0.25
10755,22,21.0,29,0.2
10755,15,15.5,16,0.25
10755,31,12.5,8,0
10755,12,38.0,4,0.15
10756,21,10.0,30,0.1
10757,36,19.0,8,0.05
10757,61,28.5,29,0
10757,18,62.5,30,0.25
10757,63,43.9,3,0.1
10758,74,10.0,25,0
10758,44,19.45,13,0.15
10759,56,38.0,26,0
10759,29,123.79,9,0
10759,38,263.5,3,0
10759,12,38.0,11,0
10759,15,15.5,19,0.1
10760,41,9.65,13,0
10760,40,18.4,2,0.25
10761,50,16.25,14,0.1
10761,47,9.5,26,0
10762,76,18.0,8,0
10762,51,53.0,1,0.25
10762,59,55.0,11,0
10762,38,263.5,27,0
10762,64,33.25,22,0.2
10763,77,13.0,10,0
10763,5,21.35,20,0.1
10764,65,21.05,23,0
10764,36,19.0,28,0.2
10764,28,45.6,16,0.05
10765,8,40.0,26,0.1
10765,20,81.0,27,0
10765,29,123.79,23,0
10765,23,9.0,28,0.2
10766,39,18.0,27,0
10766,3,10.0,18,0.15
10766,44,19.45,14,0.2
10766,45,9.5,25,0.15
10767,10,31.0,17,0.05
10767,37,26.0,23,0
10767,71,21.5,13,0
10767,17,39.0,11,0
10768,59,55.0,21,0
10768,74,10.0,5,0.2
10768,62,49.3,10,0
10769,28,45.6,26,0
10769,2,19.0,12,0
10770,49,20.0,14,0
10770,8,40.0,4,0.1
10771,23,9.0,2,0
10771,66,17.0,21,0.1
10771,76,18.0,14,0
10771,52,7.0,8,0
10772,31,12.5,13,0.2
10773,77,13.0,6,0.15
10773,12,38.0,25,0.2
10773,49,20.0,9,0.2
10774,2,19.0,4,0
10774,11,21.0,4,0.2
10774,66,17.0,8,0
10775,74,10.0,19,0.2
10775,36,19.0,23,0
10775,76,18.0,6,0.15
10775,62,49.3,21,0.15
10775,39,18.0,19,0
10776,42,14.0,3,0.25
10777,52,7.0,27,0
10777,51,53.0,18,0.25
10778,63,43.9,3,0.25
10778,75,7.75,18,0
10778,27,43.9,22,0
10778,24,4.5,28,0
10778,1,18.0,18,0.2
10779,16,17.45,2,0
10779,74,10.0,7,0
10779,12,38.0,18,0.05
10780,11,21.0,4,0.25
10781,47,9.5,18,0
10781,55,24.0,22,0
10781,32,32.0,10,0
10782,38,263.5,22,0.25
10782,57,19.5,5,0.2
10782,41,9.65,17,0.1
10782,69,36.0,17,0
10782,13,6.0,22,0
10783,5,21.35,7,0
10783,39,18.0,28,0
10784,71,21.5,7,0.1
10784,36,19.0,5,0.15
10785,71,21.5,9,0.05
10786,21,10.0,13,0.2
10786,11,21.0,9,0.15
10786,19,9.2,18,0
10786,10,31.0,21,0.05
10787,48,12.75,19,0.25
10787,21,10.0,14,0
10788,56,38.0,13,0
10788,32,32.0,3,0.05
10788,16,17.45,18,0
10789,53,32.8,3,0.1
10789,12,38.0,12,0.1
10789,35,18.0,5,0
10789,36,19.0,1,0
10789,49,20.0,8,0.15
10790,16,17.45,6,0.25
10791,76,18.0,27,0.2
10791,13,6.0,17,0.1
10791,74,10.0,28,0.05
10792,35,18.0,20,0
10792,7,30.0,6,0.1
10792,50,16.25,6,0.1
10792,69,36.0,18,0.15
10792,62,49.3,19,0
10793,2,19.0,22,0.25
10793,20,81.0,22,0
10793,19,9.2,13,0.05
10794,48,12.75,23,0
10795,54,7.45,23,0.2
10795,24,4.5,15,0.1
10795,60,34.0,17,0.05
10795,36,19.0,14,0.25
10795,30,25.89,10,0
10796,53,32.8,25,0.1
10796,12,38.0,21,0
10796,10,31.0,24,0
10797,22,21.0,19,0
10798,37,26.0,18,0.2
10799,55,24.0,22,0.25
10800,62,49.3,16,0.25
10800,69,36.0,23,0
10801,2,19.0,20,0
10801,1,18.0,23,0.15
10801,69,36.0,24,0.1
10801,32,32.0,24,0.25
10802,6,25.0,20,0.2
10802,22,21.0,22,0.25
10802,29,123.79,6,0
10802,47,9.5,27,0
10802,66,17.0,12,0
10803,64,33.25,13,0
10803,48,12.75,4,0.1
10803,32,32.0,27,0.25
10803,16,17.45,10,0.05
10804,38,263.5,9,0
10804,1,18.0,24,0.15
10804,28,45.6,30,0.05
10804,66,17.0,27,0
10805,63,43.9,2,0.1
10805,1,18.0,20,0.2
10805,43,46.0,10,0.1
10805,14,23.25,1,0.1
10806,52,7.0,12,0
10806,13,6.0,14,0.2
10807,11,21.0,17,0.25
10807,20,81.0,14,0
10808,1,18.0,5,0.05
10808,29,123.79,16,0.15
10808,48,12.75,10,0.1
10808,55,24.0,29,0
10809,35,18.0,4,0.2
10809,57,19.5,6,0
10809,46,12.0,24,0.15
10809,1,18.0,12,0
10809,15,15.5,7,0.05
10810,18,62.5,13,0.15
10811,5,21.35,6,0
10811,62,49.3,22,0.05
10811,16,17.45,14,0.2
10812,64,33.25,26,0
10812,42,14.0,25,0.15
10812,65,21.05,24,0.15
10812,17,39.0,4,0
10812,3,10.0,5,0
10813,65,21.05,1,0
10813,7,30.0,22,0.1
10813,55,24.0,20,0
10814,62,49.3,10,0.05
10814,63,43.9,3,0.15
10814,32,32.0,20,0
10814,66,17.0,6,0
10815,15,15.5,28,0.05
10815,32,32.0,22,0.15
10815,26,31.23,16,0
10816,24,4.5,7,0
10816,30,25.89,4,0
10816,52,7.0,2,0.05
10816,25,14.0,30,0
10816,55,24.0,1,0
10817,7,30.0,13,0.15
10818,40,18.4,23,0
10818,29,123.79,11,0.15
10818,62,49.3,2,0.25
10818,55,24.0,21,0
10818,39,18.0,4,0.05
10819,36,19.0,12,0.15
10819,32,32.0,11,0
10819,24,4.5,2,0
10820,42,14.0,7,0.05
10821,36,19.0,30,0
10821,56,38.0,6,0.05
10821,63,43.9,12,0.1
10821,39,18.0,4,0
10822,71,21.5,25,0
10823,47,9.5,24,0.1
10823,76,18.0,17,0.1
10823,31,12.5,21,0.05
10824,75,7.75,13,0
10824,14,23.25,5,0
10825,76,18.0,30,0
10826,58,13.25,30,0
10826,10,31.0,18,0.1
10827,61,28.5,25,0
10827,69,36.0,24,0
10827,6,25.0,5,0
10828,71,21.5,23,0.05
10828,72,34.8,12,0.1
10828,58,13.25,21,0
10828,56,38.0,3,0.2
10829,68,12.5,30,0.25
10829,3,10.0,6,0.05
10829,17,39.0,10,0
10829,73,15.0,2,0
10830,64,33.25,22,0.25
10830,66,17.0,3,0
10830,57,19.5,25,0.25
10830,50,16.25,18,0.15
10831,35,18.0,7,0
10831,1,18.0,6,0
10831,76,18.0,23,0
10831,66,17.0,15,0.25
10832,34,14.0,10,0
10832,38,263.5,23,0.05
10832,71,21.5,4,0
10832,29,123.79,2,0.25
10832,31,12.5,10,0
10833,36,19.0,30,0
10833,35,18.0,28,0
10834,27,43.9,18,0
10834,1,18.0,21,0.1
10835,48,12.75,11,0
10835,71,21.5,9,0
10835,53,32.8,29,0.05
10835,42,14.0,2,0
10835,46,12.0,8,0.05
10836,33,2.5,1,0.25
10836,75,7.75,4,0.15
10837,71,21.5,7,0.2
10837,29,123.79,11,0.05
10837,27,43.9,19,0.15
10838,58,13.25,8,0.15
10838,48,12.75,5,0.2
10839,64,33.25,6,0.2
10840,23,9.0,7,0.2
10840,24,4.5,21,0.05
10841,40,18.4,6,0
10842,25,14.0,3,0
10842,10,31.0,14,0
10842,59,55.0,30,0.15
10842,13,6.0,24,0.25
10843,2,19.0,20,0
10843,49,20.0,13,0
10844,2,19.0,25,0
10845,32,32.0,25,0
10845,35,18.0,5,0
10846,14,23.25,18,0.1
10847,26,31.23,5,0.2
10848,57,19.5,27,0
10848,40,18.4,11,0.2
10848,20,81.0,8,0
10848,70,15.0,23,0.05
10848,16,17.45,1,0
10849,70,15.0,10,0
10850,54,7.45,5,0
10850,29,123.79,1,0
10850,55,24.0,13,0
10850,46,12.0,21,0.05
10850,50,16.25,22,0
10851,22,21.0,4,0
10851,14,23.25,10,0.1
10851,10,31.0,20,0.1
10851,16,17.45,12,0
10852,20,81.0,6,0.15
10853,43,46.0,20,0
10853,55,24.0,5,0.05
10853,37,26.0,12,0
10853,35,18.0,30,0.2
10853,48,12.75,30,0.05
10854,1,18.0,28,0
10855,41,9.65,5,0.15
10855,58,13.25,24,0.2
10856,15,15.5,19,0.15
10857,19,9.2,3,0.1
10857,17,39.0,6,0.15
10857,46,12.0,11,0.2
10858,62,49.3,23,0.15
10858,43,46.0,5,0
10858,50,16.25,14,0.25
10858,64,33.25,18,0.25
10859,69,36.0,18,0
10859,50,16.25,3,0.15
10859,68,12.5,19,0
10859,12,38.0,8,0.1
10860,27,43.9,28,0
10861,72,34.8,16,0
10861,15,15.5,2,0.1
10861,47,9.5,28,0
10862,59,55.0,5,0.25
10862,54,7.45,8,0
10862,29,123.79,2,0
10863,19,9.2,13,0
10864,48,12.75,2,0
10864,75,7.75,3,0.2
10864,77,13.0,28,0
10864,4,22.0,5,0.1
10865,11,21.0,8,0
10865,2,19.0,19,0.15
10866,24,4.5,16,0
10866,68,12.5,23,0.05
10867,53,32.8,24,0.1
10867,57,19.5,26,0
10867,37,26.0,4,0
10867,8,40.0,29,0
10868,23,9.0,17,0
10868,2,19.0,13,0.15
10868,59,55.0,18,0.05
10868,74,10.0,17,0.05
10868,30,25.89,14,0
10869,12,38.0,17,0.15
10869,17,39.0,24,0
10869,52,7.0,20,0
10870,51,53.0,6,0.25
10870,10,31.0,27,0.2
10871,41,9.65,21,0.15
10871,49,20.0,6,0
10871,48,12.75,21,0.15
10871,25,14.0,9,0
10872,10,31.0,12,0.1
10873,31,12.5,10,0
10874,14,23.25,3,0
10874,77,13.0,1,0.05
10874,25,14.0,18,0
10874,5,21.35,8,0.05
10874,11,21.0,19,0
10875,62,49.3,2,0
10875,41,9.65,3,0.05
10875,2,19.0,12,0.05
10875,51,53.0,17,0
10875,46,12.0,5,0
10876,53,32.8,29,0.25
10876,13,6.0,17,0
10876,4,22.0,19,0.15
10877,76,18.0,28,0
10877,38,263.5,6,0
10877,60,34.0,3,0
10877,30,25.89,29,0
10878,21,10.0,17,0.25
10878,67,14.0,30,0.1
10879,17,39.0,11,0.05
10879,47,9.5,20,0.15
10879,6,25.0,29,0.15
10879,31,12.5,7,0
10880,73,15.0,21,0.2
10880,13,6.0,26,0
10881,40,18.4,18,0
10881,64,33.25,4,0.2
10882,22,21.0,30,0.05
10882,21,10.0,3,0.05
10882,74,10.0,12,0.1
10883,10,31.0,6,0.2
10884,61,28.5,9,0.2
10884,18,62.5,4,0.2
10884,6,25.0,12,0.05
10885,53,32.8,28,0
10885,57,19.5,12,0.25
10885,41,9.65,12,0
10885,65,21.05,15,0.05
10886,8,40.0,24,0
10887,2,19.0,5,0
10887,38,263.5,13,0
10887,73,15.0,13,0
10887,29,123.79,13,0.2
10887,12,38.0,12,0.2
10888,69,36.0,29,0.2
10888,14,23.25,3,0
10888,51,53.0,25,0.15
10888,26,31.23,13,0.1
10889,41,9.65,11,0.2
10890,61,28.5,4,0.05
10890,59,55.0,2,0.25
10891,61,28.5,5,0
10891,41,9.65,19,0
10892,49,20.0,2,0.1
10892,56,38.0,16,0
10892,7,30.0,7,0
10892,55,24.0,9,0.05
10892,23,9.0,3,0
10893,36,19.0,13,0
10894,58,13.25,28,0.15
10894,68,12.5,7,0.05
10894,24,4.5,27,0
10895,55,24.0,11,0.05
10896,26,31.23,12,0.15
10896,62,49.3,16,0.25
10897,56,38.0,12,0.15
10897,2,19.0,18,0
10898,75,7.75,20,0
10899,41,9.65,1,0
10899,59,55.0,30,0
10899,64,33.25,28,0.1
10900,53,32.8,9,0.25
10901,58,13.25,27,0
10902,75,7.75,4,0
10902,28,45.6,24,0
10902,54,7.45,23,0.25
10902,22,21.0,20,0.15
10903,45,9.5,7,0
10903,74,10.0,1,0.1
10904,3,10.0,10,0.05
10904,65,21.05,27,0
10904,64,33.25,21,0.2
10905,53,32.8,12,0.1
10905,70,15.0,14,0.25
10905,43,46.0,4,0
10905,59,55.0,14,0.1
10906,71,21.5,20,0
10906,70,15.0,14,0.15
10907,56,38.0,21,0.05
10907,13,6.0,3,0
10907,12,38.0,21,0
10908,53,32.8,4,0.2
10908,70,15.0,4,0.2
10908,65,21.05,19,0
10908,38,263.5,28,0.15
10908,28,45.6,8,0.2
10909,49,20.0,4,0
10909,61,28.5,4,0.1
10909,60,34.0,14,0.15
10909,1,18.0,12,0
10909,65,21.05,10,0.05
10910,40,18.4,27,0.15
10910,31,12.5,1,0.15
10910,5,21.35,1,0
10911,48,12.75,27,0.25
10911,77,13.0,11,0.1
10912,74,10.0,14,0
10912,72,34.8,13,0
10913,51,53.0,27,0
10913,74,10.0,14,0
10913,50,16.25,24,0
10913,52,7.0,29,0.1
10913,67,14.0,6,0.15
10914,13,6.0,23,0
10914,65,21.05,4,0.15
10915,71,21.5,6,0.1
10915,27,43.9,3,0
10915,4,22.0,14,0
10916,20,81.0,1,0.25
10916,11,21.0,19,0.15
10916,4,22.0,24,0
10916,59,55.0,21,0.1
10916,24,4.5,8,0
10917,25,14.0,18,0
10917,49,20.0,25,0.05
10917,7,30.0,9,0
10918,3,10.0,21,0
10918,15,15.5,15,0
10919,19,9.2,10,0.05
10920,12,38.0,3,0.2
10920,47,9.5,30,0
10921,13,6.0,16,0
10921,53,32.8,3,0.2
10921,10,31.0,7,0.15
10921,49,20.0,29,0.1
10922,21,10.0,6,0.05
10922,2,19.0,29,0
10922,73,15.0,21,0
10922,16,17.45,11,0.1
10923,77,13.0,18,0
10923,21,10.0,17,0.05
10923,16,17.45,7,0
10923,69,36.0,1,0.25
10924,20,81.0,7,0.1
10924,15,15.5,29,0
10924,4,22.0,11,0
10924,29,123.79,3,0
10924,35,18.0,9,0.2
10925,12,38.0,12,0.25
10925,38,263.5,15,0.2
10926,66,17.0,13,0
10926,33,2.5,6,0
10926,36,19.0,13,0
10926,75,7.75,26,0.05
10927,27,43.9,24,0.2
10927,56,38.0,29,0.2
10928,77,13.0,24,0.05
10928,41,9.65,20,0
10928,50,16.25,14,0
10928,73,15.0,12,0.1
10929,58,13.25,6,0
10930,33,2.5,19,0.15
10930,38,263.5,20,0.25
10930,46,12.0,13,0
10930,15,15.5,6,0.1
10930,55,24.0,26,0
10931,32,32.0,3,0
10931,48,12.75,12,0
10931,41,9.65,4,0
10932,2,19.0,23,0.1
10932,28,45.6,15,0.1
10932,30,25.89,18,0
10933,37,26.0,20,0
10933,68,12.5,7,0
10933,72,34.8,9,0
10933,74,10.0,29,0.15
10934,41,9.65,27,0.1
10934,26,31.23,7,0
10934,64,33.25,16,0
10934,36,19.0,14,0
10935,58,13.25,6,0.1
10936,50,16.25,8,0
10936,37,26.0,1,0
10936,60,34.0,10,0
10936,52,7.0,2,0.25
10936,68,12.5,2,0.1
10937,9,97.0,16,0
10938,39,18.0,9,0.1
10938,45,9.5,13,0
10938,72,34.8,25,0.1
10938,64,33.25,20,0
10939,39,18.0,23,0.2
10939,64,33.25,28,0
10939,48,12.75,20,0
10939,4,22.0,8,0
10940,18,62.5,4,0.1
10941,29,123.79,6,0
10941,25,14.0,24,0.1
10941,69,36.0,1,0
10941,34,14.0,29,0
10942,7,30.0,10,0
10943,43,46.0,23,0.15
10943,35,18.0,23,0
10943,18,62.5,19,0.2
10944,17,39.0,11,0
10945,53,32.8,21,0.2
10945,16,17.45,17,0.25
10945,31,12.5,19,0.2
10945,63,43.9,9,0.1
10945,62,49.3,8,0
10946,38,263.5,23,0
10946,46,12.0,18,0
10946,27,43.9,23,0
10947,64,33.25,2,0
10948,28,45.6,15,0.15
10949,63,43.9,4,0.1
10949,27,43.9,27,0.25
10950,41,9.65,25,0.05
10950,59,55.0,21,0
10950,65,21.05,4,0
10950,29,123.79,30,0.1
10950,50,16.25,15,0.25
10951,52,7.0,7,0
10951,36,19.0,14,0
10952,74,10.0,21,0
10952,19,9.2,15,0
10952,15,15.5,8,0
10953,24,4.5,9,0
10953,61,28.5,22,0.25
10953,58,13.25,12,0.05
10953,16,17.45,30,0.25
10954,46,12.0,14,0
10955,51,53.0,17,0.15
10955,66,17.0,11,0
10956,35,18.0,12,0
10956,7,30.0,21,0.15
10956,55,24.0,7,0.05
10956,25,14.0,13,0
10957,36,19.0,17,0.2
10957,67,14.0,14,0
10957,7,30.0,21,0
10957,15,15.5,8,0
10957,5,21.35,19,0.05
10958,9,97.0,18,0
10958,36,19.0,8,0.15
10959,51,53.0,4,0
10959,35,18.0,16,0
10959,22,21.0,26,0
10959,45,9.5,21,0.05
10960,37,26.0,24,0
10960,13,6.0,6,0.25
10960,62,49.3,24,0.05
10960,31,12.5,6,0.1
10960,9,97.0,6,0
10961,59,55.0,5,0
10961,61,28.5,14,0.1
10961,3,10.0,6,0.05
10962,22,21.0,22,0
10963,46,12.0,16,0
10963,63,43.9,28,0
10963,61,28.5,4,0
10963,3,10.0,19,0.05
10963,30,25.89,17,0.25
10964,19,9.2,25,0
10964,13,6.0,10,0.1
10965,63,43.9,24,0.1
10965,70,15.0,9,0.2
10965,33,2.5,12,0.2
10965,2,19.0,27,0.1
10966,43,46.0,29,0.25
10966,77,13.0,16,0
10966,35,18.0,22,0.25
10967,19,9.2,14,0
10968,46,12.0,16,0
10968,32,32.0,19,0.15
10969,27,43.9,24,0
10969,25,14.0,30,0.15
10969,14,23.25,9,0.25
10970,68,12.5,6,0.05
10970,45,9.5,29,0.1
10970,51,53.0,19,0.15
10970,36,19.0,10,0
10971,75,7.75,17,0.1
10972,16,17.45,14,0.2
10972,73,15.0,26,0.1
10972,37,26.0,4,0
10972,64,33.25,30,0
10972,60,34.0,22,0
10973,38,263.5,20,0.25
10973,21,10.0,10,0.2
10973,37,26.0,3,0.05
10973,2,19.0,15,0
10973,28,45.6,10,0
10974,63,43.9,10,0
10975,46,12.0,22,0
10975,7,30.0,9,0
10975,45,9.5,29,0.05
10975,65,21.05,22,0.25
10976,12,38.0,23,0.05
10976,19,9.2,24,0
10977,75,7.75,30,0
10977,38,263.5,8,0
10977,61,28.5,30,0.1
10977,32,32.0,26,0.15
10978,52,7.0,29,0
10978,34,14.0,30,0.05
10978,77,13.0,10,0
10978,73,15.0,14,0.1
10979,18,62.5,22,0
10979,33,2.5,5,0.15
10979,71,21.5,7,0.05
10979,40,18.4,3,0.05
10979,73,15.0,30,0.2
10980,24,4.5,13,0.15
10980,13,6.0,5,0.25
10980,57,19.5,23,0.1
10980,65,21.05,30,0.1
10980,60,34.0,12,0.15
10981,54,7.45,14,0.2
10981,4,22.0,30,0.25
10981,12,38.0,25,0
10981,39,18.0,26,0
10982,66,17.0,12,0
10982,70,15.0,29,0.05
10982,7,30.0,25,0.15
10982,17,39.0,13,0
10982,60,34.0,26,0.25
10983,7,30.0,3,0
10983,35,18.0,27,0
10983,43,46.0,20,0
10983,38,263.5,19,0.2
10984,8,40.0,4,0.25
10984,7,30.0,23,0
10984,67,14.0,5,0.25
10985,18,62.5,8,0
10985,39,18.0,21,0.05
10985,1,18.0,26,0.2
10985,26,31.23,4,0
10986,20,81.0,20,0
10987,13,6.0,8,0
10987,14,23.25,16,0
10987,65,21.05,15,0.15
10987,8,40.0,30,0
10987,39,18.0,13,0.2
10988,31,12.5,27,0.25
10988,34,14.0,27,0.2
10989,16,17.45,14,0
10989,3,10.0,6,0
10989,31,12.5,6,0.25
10989,70,15.0,7,0.2
10989,62,49.3,10,0.05
10990,76,18.0,16,0.1
10991,51,53.0,13,0
10991,60,34.0,14,0.15
10991,19,9.2,1,0.05
10992,16,17.45,19,0.15
10992,2,19.0,19,0.05
10992,5,21.35,21,0.2
10992,6,25.0,30,0.1
10993,60,34.0,29,0.2
10993,36,19.0,1,0
10994,65,21.05,28,0.25
10994,27,43.9,12,0.25
10994,50,16.25,17,0
10995,20,81.0,12,0.1
10995,59,55.0,23,0
10996,39,18.0,30,0.15
10996,9,97.0,30,0.2
10996,49,20.0,16,0
10997,65,21.05,25,0.25
10997,34,14.0,5,0.1
10997,76,18.0,19,0.1
10997,75,7.75,20,0.15
10997,9,97.0,2,0
10998,30,25.89,4,0
10998,64,33.25,30,0.2
10999,30,25.89,25,0
10999,14,23.25,29,0
10999,50,16.25,25,0.15
11000,8,40.0,20,0.05
11001,5,21.35,28,0
11002,48,12.75,20,0
11002,23,9.0,11,0
11002,58,13.25,13,0
11002,74,10.0,18,0
11003,33,2.5,16,0.2
11003,37,26.0,8,0
11004,56,38.0,27,0.25
11004,25,14.0,3,0
11005,27,43.9,2,0
11006,47,9.5,25,0.15
11007,70,15.0,28,0
11007,44,19.45,6,0.25
11007,64,33.25,7,0
11007,74,10.0,27,0.2
11007,65,21.05,12,0.1
11008,72,34.8,28,0
11008,9,97.0,15,0.15
11008,49,20.0,28,0
11008,73,15.0,3,0
11008,67,14.0,10,0
11009,64,33.25,8,0
11010,70,15.0,11,0
11010,29,123.79,27,0.05
11010,33,2.5,13,0.1
11010,9,97.0,28,0
11010,37,26.0,3,0.25
11011,31,12.5,28,0.25
11011,65,21.05,10,0.15
11011,8,40.0,18,0
11011,75,7.75,16,0.05
11011,4,22.0,2,0.1
11012,34,14.0,7,0.1
11012,8,40.0,5,0
11012,71,21.5,27,0.1
11012,31,12.5,16,0
11013,5,21.35,12,0
11013,54,7.45,20,0
11013,71,21.5,16,0
11013,35,18.0,24,0
11013,14,23.25,2,0.2
11014,29,123.79,21,0.1
11014,56,38.0,16,0.05
11014,30,25.89,1,0
11014,4,22.0,25,0
11014,69,36.0,20,0.15
11015,71,21.5,16,0
11016,49,20.0,23,0
11016,56,38.0,23,0.15
11016,71,21.5,5,0
11016,57,19.5,4,0.1
11017,25,14.0,11,0.15
11017,8,40.0,8,0
11017,12,38.0,19,0
11018,53,32.8,24,0.25
11018,73,15.0,2,0
11019,8,40.0,3,0
11019,17,39.0,15,0
11020,6,25.0,11,0.1
11020,32,32.0,10,0
11020,51,53.0,16,0
11021,10,31.0,9,0.25
11022,64,33.25,23,0.1
11022,29,123.79,15,0.05
11023,71,21.5,10,0
11023,68,12.5,29,0.05
11023,41,9.65,23,0.25
11024,14,23.25,2,0.1
11024,53,32.8,23,0.2
11024,36,19.0,3,0
11024,18,62.5,27,0.25
11024,30,25.89,10,0.25
11025,16,17.45,12,0
11025,5,21.35,8,0.2
11026,15,15.5,1,0.2
11026,5,21.35,9,0.05
11026,76,18.0,13,0.05
11026,11,21.0,2,0.05
11027,50,16.25,16,0
11027,49,20.0,13,0.2
11027,6,25.0,8,0
11027,24,4.5,22,0.15
11027,69,36.0,2,0.05
11028,70,15.0,25,0.1
11029,44,19.45,30,0.05
11030,28,45.6,25,0
11030,44,19.45,24,0.15
11030,55,24.0,26,0
11030,14,23.25,18,0.15
11030,37,26.0,28,0.25
11031,55,24.0,19,0.25
11031,34,14.0,6,0.15
11031,60,34.0,24,0
11031,17,39.0,30,0
11032,36,19.0,3,0
11032,70,15.0,10,0.1
11032,74,10.0,13,0
11033,36,19.0,12,0.05
11033,33,2.5,26,0
11033,16,17.45,10,0.1
11033,34,14.0,28,0
11033,57,19.5,15,0
11034,2,19.0,15,0
11034,46,12.0,16,0.25
11034,28,45.6,14,0
11034,75,7.75,3,0.05
11035,71,21.5,11,0
11035,57,19.5,6,0.05
11035,36,19.0,9,0.2
11035,17,39.0,8,0
11035,19,9.2,28,0
11036,15,15.5,21,0
11036,24,4.5,22,0.25
11037,75,7.75,11,0
11037,71,21.5,23,0
11037,8,40.0,23,0.05
11037,33,2.5,1,0.1
11038,6,25.0,20,0
11038,45,9.5,4,0
11038,65,21.05,15,0
11038,66,17.0,3,0
11038,27,43.9,11,0.1
11039,10,31.0,21,0.15
11039,37,26.0,5,0
11039,42,14.0,20,0.1
11039,43,46.0,14,0.1
11040,38,263.5,20,0
11040,21,10.0,12,0
11040,20,81.0,30,0
11040,14,23.25,20,0
11041,66,17.0,23,0.25
11041,75,7.75,23,0.1
11041,28,45.6,13,0
11042,49,20.0,25,0
11042,10,31.0,30,0
11043,65,21.05,19,0.25
11043,54,7.45,18,0
11043,68,12.5,26,0
11043,61,28.5,22,0.25
11043,67,14.0,15,0.1
11044,25,14.0,27,0.05
11044,32,32.0,11,0
11044,47,9.5,8,0.2
11045,15,15.5,23,0
11045,57,19.5,24,0.15
11045,47,9.5,3,0.1
11046,65,21.05,3,0.1
11046,62,49.3,20,0
11046,58,13.25,26,0.15
11046,30,25.89,19,0
11046,69,36.0,8,0.15
11047,18,62.5,20,0.05
11047,37,26.0,11,0.1
11047,16,17.45,3,0.15
11047,54,7.45,17,0
11047,74,10.0,16,0
11048,59,55.0,1,0
11048,16,17.45,14,0.05
11049,61,28.5,24,0
11049,17,39.0,28,0
11049,56,38.0,1,0
11049,10,31.0,5,0.25
11049,68,12.5,30,0.15
11050,46,12.0,5,0.15
11050,72,34.8,8,0.05
11050,16,17.45,11,0.1
11050,76,18.0,20,0
11051,10,31.0,24,0.1
11052,53,32.8,21,0.2
11052,56,38.0,10,0.2
11052,18,62.5,24,0
11052,76,18.0,30,0.25
11053,20,81.0,29,0
11054,76,18.0,12,0.2
11054,49,20.0,11,0.2
11054,23,9.0,17,0.05
11054,13,6.0,8,0.05
11054,64,33.25,11,0
11055,67,14.0,29,0.25
11055,75,7.75,17,0.15
11055,37,26.0,11,0.15
11055,41,9.65,25,0
11055,19,9.2,2,0
11056,67,14.0,9,0.1
11056,13,6.0,12,0.05
11056,22,21.0,4,0.05
11056,36,19.0,16,0.2
11057,22,21.0,10,0.05
11057,14,23.25,30,0
11058,19,9.2,4,0
11058,71,21.5,27,0.25
11058,22,21.0,1,0
11059,69,36.0,26,0
11059,1,18.0,16,0
11059,48,12.75,7,0.05
11059,74,10.0,14,0.2
11059,67,14.0,5,0.2
11060,15,15.5,23,0
11060,57,19.5,29,0.15
11060,64,33.25,9,0
11061,36,19.0,24,0
11061,46,12.0,26,0
11062,10,31.0,11,0
11062,65,21.05,11,0.05
11063,66,17.0,22,0
11063,41,9.65,29,0
11063,56,38.0,4,0.25
11063,25,14.0,27,0.25
11064,2,19.0,8,0
11065,49,20.0,28,0
11065,26,31.23,9,0.2
11065,20,81.0,16,0
11065,64,33.25,10,0
11065,12,38.0,17,0
11066,56,38.0,3,0.2
11067,27,43.9,23,0
11067,5,21.35,14,0.05
11067,49,20.0,21,0
11067,45,9.5,16,0.25
11067,24,4.5,29,0.05
11068,38,263.5,22,0.2
11068,63,43.9,26,0.15
11069,46,12.0,18,0.2
11069,38,263.5,4,0
11069,15,15.5,29,0.05
11069,54,7.45,15,0.1
11069,32,32.0,22,0.15
11070,23,9.0,15,0.1
11071,45,9.5,23,0.15
11072,62,49.3,27,0.2
11072,77,13.0,14,0
11073,38,263.5,9,0.25
11074,53,32.8,2,0.25
11074,42,14.0,9,0.1
11075,51,53.0,26,0.2
11075,55,24.0,13,0.05
11075,7,30.0,9,0.2
11075,29,123.79,11,0
11076,58,13.25,14,0
11076,74,10.0,29,0
11076,69,36.0,7,0
11077,43,46.0,5,0.25
11077,3,10.0,24,0
11077,49,20.0,3,0.1
11077,46,12.0,25,0.25
11077,9,97.0,21,0
